OpeningFamily,games_count,white_win_rate
Sicilian Defense,722809,0.4596926712312658
French Defense,403404,0.48329962023182715
Queen's Pawn Game,296138,0.5036334411659429
Scandinavian Defense,286686,0.5020475363289453
King's Pawn Game,228410,0.49187863928899783
Caro-Kann Defense,204386,0.4575460158719286
English Opening,202555,0.515746340500111
Italian Game,185581,0.5255818214149077
Ruy Lopez,146997,0.5210922671891263
Modern Defense,146843,0.4876841252221761
